99.5,1,84,1
99.6,1,79,1
99.7,1,96,1
99.8,1,86,1
99.9,2,85,1
100,2,95,1
101.1,2,89,1
101.2,2,99,1
101.3,1,87,1
101.4,1,97,1
101.5,1,106,1
101.6,1,86,1
101.7,2,85,1
101.8,2,85,1
101.9,2,109,1
99.5,2,79,1
99.6,2,87,1
99.7,2,97,1
99.8,2,106,1
99.9,2,86,1
100,1,85,1
102.1,1,85,1
102.2,1,79,1
102.3,1,99,1
102.4,1,83,1
102.5,1,77,1
102.6,2,101,1
102.7,2,81,1
102.8,2,100,1
102.9,1,92,1
102,2,96,1
100.1,2,88,1
100.2,2,78,1
100.3,1,97,1
100.4,1,99,1
100.5,1,83,1
100.6,1,80,1
100.7,2,82,1
100.8,2,111,1
100.9,2,99,1
99.5,2,85,1
99.6,2,89,1
99.7,1,77,1
99.8,1,105,1
99.9,2,80,1
100,2,75,1
100.1,2,96,1
100.2,2,76,1
100.3,2,78,1
100.4,2,108,1
100.5,2,79,1
100.6,2,78,1
100.7,1,80,1
100.8,1,109,1
100.9,1,97,1
99.5,1,85,1
99.6,1,80,1
99.7,1,75,1
99.8,1,106,1
99.9,1,76,1
100,2,78,1
100.1,2,103,1
101.2,2,79,1
100.3,2,78,1
100.4,2,80,1
102.5,2,81,1
100.6,1,102,1
100.7,1,86,1
103.8,1,95,1
100.9,2,94,1
100,2,104,1
100.1,2,89,1
102.2,2,88,1
100.3,1,98,1
101.4,1,89,1
100.5,1,107,1
100.6,2,99,1
103.7,2,103,1
100.8,1,97,1
100.9,1,110,1
100,2,104,1
100,2,90,1
99.5,2,95,1
99.5,1,98,1
99.2,1,88,1
99.4,1,98,1
99.4,1,108,1
99.9,2,87,1
99.1,2,99,1
99.1,2,96,1
100.4,2,96,1
101.4,2,85,1
102.4,1,105,1
103.4,1,89,1
100.4,2,99,1
99.9,2,100,1
99.9,2,109,1
99.9,2,88,1
100,2,88,1
100,2,95,1
101,2,86,1
100,2,94,1
100,1,90,1
102,1,100,1
103,1,105,1
100,1,85,1
100,1,79,1
102,1,106,1
103.1,1,107,1
100.2,1,88,1
103.2,2,91,1
100.2,2,92,1
103.6,2,85,1
103.5,2,108,1
100.5,2,99,1
100.5,2,89,1
103.8,1,84,1
100.9,1,97,1
103.9,1,101,1
100.9,2,94,1
96.3,1,70,0
96.7,1,71,0
96.9,1,74,0
97,1,80,0
97.1,1,73,0
97.1,1,75,0
97.1,1,82,0
97.2,1,64,0
97.3,1,69,0
97.4,1,70,0
97.4,1,68,0
97.4,1,72,0
97.4,1,78,0
97.5,1,70,0
97.5,1,75,0
97.6,1,74,0
97.6,1,69,0
97.6,1,73,0
97.7,1,77,0
97.8,1,58,0
97.8,1,73,0
97.8,1,65,0
97.8,1,74,0
97.9,1,76,0
97.9,1,72,0
98,1,78,0
98,1,71,0
98,1,74,0
98,1,67,0
98,1,64,0
98,1,78,0
98.1,1,73,0
98.1,1,67,0
98.2,1,66,0
98.2,1,64,0
98.2,1,71,0
98.2,1,72,0
98.3,1,86,0
98.3,1,72,0
98.4,1,68,0
98.4,1,70,0
98.4,1,82,0
98.4,1,84,0
98.5,1,68,0
98.5,1,71,0
98.6,1,77,0
98.6,1,78,0
98.6,1,83,0
98.6,1,66,0
98.6,1,70,0
98.6,1,82,0
98.7,1,73,0
98.7,1,78,0
98.8,1,78,0
98.8,1,81,0
98.8,1,78,0
98.9,1,80,0
99,1,75,0
99,1,79,0
99,1,81,0
99.1,1,71,0
99.2,1,83,0
99.3,1,63,0
99.4,1,70,0
99.5,1,75,0
96.4,2,69,0
96.7,2,62,0
96.8,2,75,0
97.2,2,66,0
97.2,2,68,0
97.4,2,57,0
97.6,2,61,0
97.7,2,84,0
97.7,2,61,0
97.8,2,77,0
97.8,2,62,0
97.8,2,71,0
97.9,2,68,0
97.9,2,69,0
97.9,2,79,0
98,2,76,0
98,2,87,0
98,2,78,0
98,2,73,0
98,2,89,0
98.1,2,81,0
98.2,2,73,0
98.2,2,64,0
98.2,2,65,0
98.2,2,73,0
98.2,2,69,0
98.2,2,57,0
98.3,2,79,0
98.3,2,78,0
98.3,2,80,0
98.4,2,79,0
98.4,2,81,0
98.4,2,73,0
98.4,2,74,0
98.4,2,84,0
98.5,2,83,0
98.6,2,82,0
98.6,2,85,0
98.6,2,86,0
98.6,2,77,0
98.7,2,72,0
98.7,2,79,0
98.7,2,59,0
98.7,2,64,0
98.7,2,65,0
98.7,2,82,0
98.8,2,64,0
98.8,2,70,0
98.8,2,83,0
98.8,2,89,0
98.8,2,69,0
98.8,2,73,0
98.8,2,84,0
98.9,2,76,0
99,2,79,0
99,2,81,0
99.1,2,80,0
99.1,2,74,0
99.2,2,77,0
99.2,2,66,0
99.3,2,68,0
99.4,2,77,0
99.9,2,79,0
100,2,78,0
100.8,2,77,0
104,1,94,2
105,1,99,2
106,1,96,2
104.1,1,86,2
104.2,2,105,2
104.3,2,95,2
104.4,2,99,2
104.5,2,100,2
104.6,1,107,2
104.7,1,97,2
104.8,1,106,2
104.9,1,101,2
105,2,95,2
105.1,2,98,2
105.2,2,109,2
105.6,2,109,2
105.7,2,107,2
105.3,2,114,2
105.4,2,106,2
105.5,2,106,2
105.8,1,110,2
105.9,1,115,2
106,1,109,2
106.1,1,99,2
106.2,1,103,2
106.3,1,107,2
106.4,2,101,2
106.5,2,111,2
106.6,2,100,2
106.7,1,92,2
106.8,2,96,2
106.9,2,98,2
107,2,118,2
103.9,1,97,2
103.8,1,99,2
104,1,93,2
105.5,1,100,2
107.1,2,112,2
106.3,2,111,2
104.3,2,99,2
104,2,85,2
105,2,89,2
106,1,107,2
104.1,1,105,2
104.2,2,89,2
104.3,2,95,2
104.4,2,96,2
104.5,2,106,2
104.6,2,98,2
104.7,2,108,2
104.8,2,109,2
104.9,2,98,2
105,1,100,2
105.1,1,109,2
105.2,1,97,2
105.6,1,85,2
105.7,1,80,2
105.3,1,105,2
105.4,1,106,2
105.5,1,76,2
105.8,2,78,2
105.9,2,103,2
106,2,119,2
106.1,2,108,2
106.2,2,80,2
106.3,2,81,2
106.4,1,102,2
106.5,1,86,2
106.6,1,95,2
106.7,2,94,2
106.8,2,104,2
106.9,2,89,2
107,2,88,2
103.9,1,98,2
103.8,1,89,2
104,1,107,2
105.5,2,99,2
107.1,2,103,2
106.3,1,97,2
104.3,1,110,2
104,2,104,2
105,2,90,2
106,2,95,2
104.1,1,98,2
104.2,1,88,2
104.3,1,98,2
104.4,1,108,2
104.5,2,87,2
104.6,2,99,2
104.7,2,96,2
104.8,2,96,2
104.9,2,85,2
105,1,105,2
105.1,1,89,2
105.2,2,99,2
105.6,2,100,2
105.7,2,109,2
105.3,2,88,2
105.4,2,98,2
105.5,2,95,2
105.8,2,116,2
105.9,2,94,2
106,1,115,2
106.1,1,100,2
106.2,1,105,2
106.3,1,95,2
106.4,1,99,2
106.5,1,106,2
106.6,1,107,2
106.7,1,98,2
106.8,2,101,2
106.9,2,92,2
107,2,120,2
103.9,2,108,2
103.8,2,99,2
104,2,99,2
105.5,1,104,2
107.1,1,107,2
106.3,1,113,2
104.3,2,104,2
